{
  "method": "EnlightenGAN",
  "timestamp": "2026-03-04T22:12:47.324293",
  "gt_dir": "/home/yannayanna/datasets/LOL/eval15/high",
  "statistics": {
    "count": 15,
    "psnr": {
      "mean": 17.893384234110513,
      "std": 3.783917030993753,
      "median": 18.68178367614746,
      "min": 11.00454330444336,
      "max": 24.170305252075195
    },
    "ssim": {
      "mean": 0.7114174127578735,
      "std": 0.09382384092010894,
      "median": 0.7128646969795227,
      "min": 0.5502014756202698,
      "max": 0.8462539911270142
    },
    "mae": {
      "mean": 0.12116492887338003,
      "std": 0.0629690760506558,
      "median": 0.10197009891271591,
      "min": 0.04500286653637886,
      "max": 0.25467348098754883
    },
    "lpips": {
      "mean": 0.3014044761657715,
      "std": 0.12379003214666122,
      "median": 0.2694673240184784,
      "min": 0.15844924747943878,
      "max": 0.5878272652626038
    }
  }
}