{
  "method": "SCI",
  "timestamp": "2026-03-04T21:34:54.978580",
  "gt_dir": "/home/yannayanna/datasets/LOL/eval15/high",
  "statistics": {
    "count": 15,
    "psnr": {
      "mean": 14.783979352315267,
      "std": 4.262344388170797,
      "median": 14.220531463623047,
      "min": 7.3362321853637695,
      "max": 21.877897262573242
    },
    "ssim": {
      "mean": 0.5229631423950195,
      "std": 0.13759245207978849,
      "median": 0.5711461901664734,
      "min": 0.27158641815185547,
      "max": 0.6865614056587219
    },
    "mae": {
      "mean": 0.19119608402252197,
      "std": 0.10425806879166742,
      "median": 0.18428055942058563,
      "min": 0.06648905575275421,
      "max": 0.4065980911254883
    },
    "lpips": {
      "mean": 0.3392968455950419,
      "std": 0.13163160488264758,
      "median": 0.3120013177394867,
      "min": 0.17003820836544037,
      "max": 0.6399903297424316
    }
  }
}