{
  "method": "Zero-DCE",
  "timestamp": "2026-03-04T21:33:55.848564",
  "gt_dir": "/home/yannayanna/datasets/LOL/eval15/high",
  "statistics": {
    "count": 15,
    "psnr": {
      "mean": 14.797104771931966,
      "std": 4.266796174479754,
      "median": 13.782012939453125,
      "min": 7.942100524902344,
      "max": 22.36722755432129
    },
    "ssim": {
      "mean": 0.5598476012547811,
      "std": 0.12671774720572018,
      "median": 0.6018511056900024,
      "min": 0.3279515206813812,
      "max": 0.7255844473838806
    },
    "mae": {
      "mean": 0.18603921855489414,
      "std": 0.09704596436053674,
      "median": 0.1770523637533188,
      "min": 0.05106664076447487,
      "max": 0.37945032119750977
    },
    "lpips": {
      "mean": 0.33521322111288704,
      "std": 0.1288518451585873,
      "median": 0.3236962854862213,
      "min": 0.17498749494552612,
      "max": 0.6353622078895569
    }
  }
}